{
	"id": "MyCareertopia",
	"name": "MyCareertopia", 
	"mobile": true, 
	"notes": "version 1.146", 
	"syntax": 4, 
	"version" : 1.146,
	"style": {
		"html": "",
		"replacements": [



        {
              "type": "color",
              "name": "ButtonBg",
              "find": "#ec8737"
          },
          {
              "type": "color",
              "name": "buttonColor2Border",
              "find": "#c38348"
          },
           {
              "type": "color",
              "name": "ButtonBg Hover",
              "find": "#ec8736"
          },
           {
              "type": "color",
              "name": "Button container",
              "find": "#f3f3f3"
          },
          {
              "type": "color",
              "name": "Button container border",
              "find": "#e5e4e4"
          },

        
        
        
           
          
           {
              "type": "color",
              "name": "header Bg",
              "find": "#fffff1"
          },
          {
              "type": "color",
              "name": "Header border",
              "find": "#47a562"
          },
           {
              "type": "color",
              "name": "section1 Bg",
              "find": "#fffff2"
          },
          {
              "type": "color",
              "name": "Logos bg",
              "find": "#fffff4"
          },
          {
              "type": "color",
              "name": "logos border",
              "find": "#b1ccb6"
          },
          
          {
              "type": "color",
              "name": "section2 bg",
              "find": "#fffffe"
          },
           {
              "type": "color",
              "name": "section2 divider",
              "find": "#000002"
          },
           
           {
              "type": "color",
              "name": "section 2 after bg",
              "find": "#fffff6"
          },
           {
              "type": "color",
              "name": "section2 after divider",
              "find": "#000003"
          },
          
          
           {
              "type": "color",
              "name": "section 3 bg",
              "find": "#fffff3"
          },
            {
              "type": "color",
              "name": "Section3GridItemBorder",
              "find": "#ECF4FF"
          },
           {
              "type": "color",
              "name": "Section3Grid BG",
              "find": "#DEEEFB"
          },

          {
              "type": "color",
              "name": "section5Bg",
              "find": "#ECF4FE"
          },
           
          {
              "type": "color",
              "name": "section 6 bg",
              "find": "#fffff5"
          },
          {
              "type": "color",
              "name": "Section 6 bullet bg",
              "find": "#656564"
          },
           {
              "type": "color",
              "name": "Section 6 bullet line",
              "find": "#d4d4d3"
          },
           
          {
              "type": "color",
              "name": "section7Bg",
              "find": "#ECF4FB"
          },
          {
              "type": "color",
              "name": "section7 box bg",
              "find": "#fffffc"
          },
          {
              "type": "color",
              "name": "divider7",
              "find": "#C8DBEC"
          },
          {
              "type": "color",
              "name": "section 8 bg",
              "find": "#fffff7"
          },
            {
              "type": "color",
              "name": "section 8 list arrows",
              "find": "#ed6409"
          },




          {
              "type": "color",
              "name": "section 9 bg",
              "find": "#fffff8"
          },
          {
              "type": "color",
              "name": "section 9 box bg",
              "find": "#fffffb"
          },
          {
              "type": "color",
              "name": "section 10 bg",
              "find": "#fffff9"
          },
           {
              "type": "color",
              "name": "footer bg",
              "find": "#ffffd1"
          },









           {
              "type": "color",
              "name": "dividerFooter",
              "find": "#d4d4d6"
          }

           





		]
	},

	"form": {
        "title": {
            "css": {
                "font-family": "Helvetica, Arial, sans-serif",
                "font-size": "18pt;",
                "letter-spacing": "0em;"
            },
            "html": "<strong>Enter your email address below to reserve _______... it's 100% FREE!</strong>"
        },
        "submit": {
            "css": {
                "background-color": "#ffcb01;",
                "border-color": "#ffb403;",
                "border-width": "0pt;",
                "border-style": "solid;",
                "font-family": "Helvetica, Arial, sans-serif",
                "font-size": "14pt;",
                "letter-spacing": "-0.1em;"
            },
            "html": "Free Instant Access &raquo;"
        },
        "privacy": {
            "css": {
                "font-family": "Helvetica, Arial, sans-serif",
                "font-size": "12pt;",
                "letter-spacing": "-0.1em;"
            },
            "html": "<div><i class=\"icon-lock\"></i>We hate SPAM and promise to keep your email address safe. </div>"
        }
    },




    "variables": {
      "countdowndays": {
        "variable": "countdowndays",
        "dafault": "20",
        "name": "Set the amount of days countdown timer cookie should default to. Default 20 days."
      },
        "toDate": {
            "variable": "toDate", 
            "dafault": "2014/12/15 18:00:00 GMT-0400", 
            "name": "Countdown Timer End - (Format: YYYY/MM/DD HH:MM:SS GMT-0400). 24 hour time format. GMT time format required. See greenwichmeantime.com to convert for your timezone."
        }
  },




	"elements": [
		
        {
      "id": "header",
      "name": "Header Container",
      "type": "container"
        },
       
          {
      "id": "section1",
      "name": "Section 1 Container",
      "type": "container"
        },

         {
      "id": "Section1OptinWrap",
      "name": "Section 1 Delay",
      "type": "container",
      "data" : {
      "delay":1000
          }
        },

          {
      "id": "section2",
      "name": "Section 2 Container",
      "type": "container"
        },
         {
      "id": "section2After",
      "name": "section2After Container",
      "type": "container"
        },
          {
      "id": "section3",
      "name": "Section 3 Container",
      "type": "container"
        },
           {
      "id": "section4",
      "name": "Section 4 Container",
      "type": "container"
        },
          
          {
      "id": "Section5",
      "name": "Section 5 Container",
      "type": "container"
        },
          {
      "id": "Section6",
      "name": "Section 6 Container",
      "type": "container"
        },
          {
      "id": "Section7",
      "name": "Section 7 Container",
      "type": "container"
        },
         {
      "id": "Section8",
      "name": "Section 8 Container",
      "type": "container"
        },
         {
      "id": "Section9",
      "name": "Section 9 Container",
      "type": "container"
        },
          {
      "id": "footer",
      "name": "Footer Container",
      "type": "container"
        },


        {
      "id": "divider1",
      "name": "section divider",
      "type": "container"
        },
        {
      "id": "section4Divider",
      "name": "section divider",
      "type": "container"
        },
        {
      "id": "section2AfterDivider1",
      "name": "section divider",
      "type": "container"
        },
         {
      "id": "section2AfterDivider2",
      "name": "section divider",
      "type": "container"
        },
           {
        "id": "section5Divider",
        "name": "section divider",
        "type": "container"
          },
         {
        "id": "section7Divider",
        "name": "section divider",
        "type": "container"
          },
            {
        "id": "footerDivider",
        "name": "section divider",
        "type": "container"
          },
        
        {
      "id": "Section6OptinWrap",
      "name": "Section6OptinWrap container",
      "type": "container"
        },
        {
      "id": "Section10bOptinWrap",
      "name": "Section10bOptinWrap container",
      "type": "container"
        },


          {
      "id": "section7aGrid3",
      "name": "section7aGrid3 container",
      "type": "container"
        },
          {
      "id": "section7aGrid4",
      "name": "section7aGrid4 container",
      "type": "container"
        },
          {
      "id": "section7aGrid5",
      "name": "section7aGrid5 container",
      "type": "container"
        },
          {
      "id": "section7aGrid6",
      "name": "section7aGrid6 container",
      "type": "container"
        },






          {
      "id": "sectio3BlockGridItem1",
      "name": "sectio3BlockGridItem1 container",
      "type": "container"
        },
          {
      "id": "sectio3BlockGridItem2",
      "name": "sectio3BlockGridItem2 container",
      "type": "container"
        },
          {
      "id": "sectio3BlockGridItem3",
      "name": "sectio3BlockGridItem3 container",
      "type": "container"
        },
        {
      "id": "section7aGrid",
      "name": "section7aGrid container",
      "type": "container"
        },


        {
      "id": "section7aGrid2",
      "name": "section7aGrid2 container",
      "type": "container"
        },
       {
      "id": "MBG",
      "name": "MBG container",
      "type": "container"
        },




        




        {
      "id": "section1Headline",
      "name": "section1Headline text",
      "type": "text"
        },
          {
      "id": "Section1OptinRightText1",
      "name": "Section1OptinRightText1 text",
      "type": "text"
        },
        {
      "id": "section1Text1",
      "name": "section1Text1 text",
      "type": "text"
        },
         {
      "id": "section1Text2",
      "name": "section1Text2 text",
      "type": "text"
        },
         {
      "id": "section2Text1",
      "name": "section2Text1 text",
      "type": "text"
        },
        {
      "id": "section2Text2",
      "name": "section2Text2 text",
      "type": "text"
        },
         {
      "id": "section2AfterText1",
      "name": "section2AfterText1 text",
      "type": "text"
        },
        


         {
      "id": "section2AfterItem1Text",
      "name": "section2AfterItem1Text text",
      "type": "text"
        },
         {
      "id": "section2AfterItem2Text",
      "name": "section2AfterItem2Text text",
      "type": "text"
        },
         {
      "id": "section2AfterItem3Text",
      "name": "section2AfterItem3Text text",
      "type": "text"
        },
         {
      "id": "section2AfterItem4Text",
      "name": "section2AfterItem4Text text",
      "type": "text"
        },
         {
      "id": "section2AfterItem5Text",
      "name": "section2AfterItem5Text text",
      "type": "text"
        },
         {
      "id": "section2AfterItem6Text",
      "name": "section2AfterItem6Text text",
      "type": "text"
        },
         {
      "id": "section3Text1",
      "name": "section3Text1 text",
      "type": "text"
        },
         {
      "id": "sectio3BlockGridItem1Text2",
      "name": "sectio3BlockGridItem1Text2 text",
      "type": "text"
        },
         {
      "id": "sectio3BlockGridItem2Text2",
      "name": "sectio3BlockGridItem2Text2 text",
      "type": "text"
        },
         {
      "id": "sectio3BlockGridItem3Text2",
      "name": "sectio3BlockGridItem3Text2 text",
      "type": "text"
        },
         {
      "id": "sectio3BlockGridItem1Text1",
      "name": "sectio3BlockGridItem1Text2 text",
      "type": "text"
        },
         {
      "id": "sectio3BlockGridItem2Text1",
      "name": "sectio3BlockGridItem2Text2 text",
      "type": "text"
        },
         {
      "id": "sectio3BlockGridItem3Text1",
      "name": "sectio3BlockGridItem3Text2 text",
      "type": "text"
        },

         {
      "id": "section4bText",
      "name": "section4bText text",
      "type": "text"
        },

        {
      "id": "section5Text1",
      "name": "section5Text1 text",
      "type": "text"
        },
        {
      "id": "section5Text2",
      "name": "section5Text2 text",
      "type": "text"
        },
        {
      "id": "section5Text3",
      "name": "section5Text3 text",
      "type": "text"
        },
        {
      "id": "section5Text4",
      "name": "section5Text4 text",
      "type": "text"
        },
        {
      "id": "section5Text5",
      "name": "section5Text5 text",
      "type": "text"
        },
        {
      "id": "section6Title",
      "name": "section6Title text",
      "type": "text"
        },
         {
      "id": "section6List",
      "name": "section6List text",
      "type": "text"
        },

          {
      "id": "section6optinRightText1",
      "name": "section6optinRightText1 text",
      "type": "text"
        },


        {
      "id": "section7Title",
      "name": "section7Title text",
      "type": "text"
        },




          {
      "id": "section7BlockGridText1",
      "name": "section7BlockGridText1 text",
      "type": "text"
        },
         {
      "id": "section7BlockGridText2",
      "name": "section7BlockGridText2 text",
      "type": "text"
        },
         {
      "id": "section7BlockGridText3",
      "name": "section7BlockGridText3 text",
      "type": "text"
        },
         {
      "id": "section7BlockGridText4",
      "name": "section7BlockGridText4 text",
      "type": "text"
        },



       {
      "id": "section7BlockGrid2Text1",
      "name": "section7BlockGrid2Text1 text",
      "type": "text"
        },
       {
      "id": "section7BlockGrid2Text2",
      "name": "section7BlockGrid2Text2 text",
      "type": "text"
        },

         {
      "id": "section8Title",
      "name": "section8Title text",
      "type": "text"
        },
        {
      "id": "section8Text1",
      "name": "section8Text1 text",
      "type": "text"
        },
        {
      "id": "section8Text2",
      "name": "section8Text2 text",
      "type": "text"
        },
          {
      "id": "section8Text3",
      "name": "section8Text3 text",
      "type": "text"
        },
         {
      "id": "section9aText1",
      "name": "section9aText1 text",
      "type": "text"
        },
         {
      "id": "section9aText2",
      "name": "section9aText2 text",
      "type": "text"
        },



         {
      "id": "mbgText1",
      "name": "mbgText1 text",
      "type": "text"
        },
         {
      "id": "mbgText2",
      "name": "mbgText2 text",
      "type": "text"
        },
         {
      "id": "mbgText3",
      "name": "mbgText3 text",
      "type": "text"
        },


         {
      "id": "section10aText1",
      "name": "section10aText1 text",
      "type": "text"
        },
         {
      "id": "section10aText2",
      "name": "section10aText2 text",
      "type": "text"
        },
         {
      "id": "section10OptinRightText",
      "name": "section10OptinRightText text",
      "type": "text"
        },
        {
      "id": "footerText1",
      "name": "footerText1 text",
      "type": "text"
        },
         {
      "id": "section7aGrid5Text",
      "name": "section7aGrid5Text text",
      "type": "text"
        },





   
        {
      "id": "headerRightLink1",
      "name": "headerRightLink1 Link",
      "type": "link"
        },
        {
      "id": "Section1Optin",
      "name": "Section1Optin Link",
      "type": "link"
        },
         {
      "id": "Section6Optin",
      "name": "Section6Optin Link",
      "type": "link"
        },
         {
      "id": "Section10bOptin",
      "name": "Section10bOptin Link",
      "type": "link"
        },




        
         {
      "id": "logo",
      "name": "logo Image",
      "type": "image"
        },
         {
      "id": "logo2",
      "name": "logo2 Image",
      "type": "image"
        },

         {
      "id": "Section1OptinLeftImg1",
      "name": "Section1OptinLeftImg1 Image",
      "type": "image"
        },

         {
      "id": "Section1OptinLeftImg2",
      "name": "Section1OptinLeftImg2 Image",
      "type": "image"
        },

         {
      "id": "Section1OptinLeftImg3",
      "name": "Section1OptinLeftImg3 Image",
      "type": "image"
        },

         {
      "id": "Section1OptinLeftImg4",
      "name": "Section1OptinLeftImg4 Image",
      "type": "image"
        },

         {
      "id": "section6optinLeftImg1",
      "name": "section6optinLeftImg1 Image",
      "type": "image"
        },
         {
      "id": "section6optinLeftImg2",
      "name": "section6optinLeftImg2 Image",
      "type": "image"
        },
         {
      "id": "section6optinLeftImg3",
      "name": "section6optinLeftImg3 Image",
      "type": "image"
        },
         {
      "id": "section6optinLeftImg4",
      "name": "section6optinLeftImg4 Image",
      "type": "image"
        },
         {
      "id": "section6optinRightImg1",
      "name": "section6optinRightImg1 Image",
      "type": "image"
        },



         {
      "id": "Section1OptinRightImg1",
      "name": "Section1OptinRightImg1 Image",
      "type": "image"
        },
         {
      "id": "section4bGridImg1",
      "name": "section4bGridImg1 Image",
      "type": "image"
        },
         {
      "id": "section4bGridImg2",
      "name": "section4bGridImg2 Image",
      "type": "image"
        },
         {
      "id": "section4bGridImg3",
      "name": "section4bGridImg3 Image",
      "type": "image"
        },
         {
      "id": "section4bGridImg4",
      "name": "section4bGridImg4 Image",
      "type": "image"
        },
         {
      "id": "section4bGridImg5",
      "name": "section4bGridImg5 Image",
      "type": "image"
        },
          {
      "id": "section2Img1",
      "name": "section2Img1 Image",
      "type": "image"
        },

         {
      "id": "section2AfterImg1",
      "name": "section2AfterImg1 Image",
      "type": "image"
        },
         {
      "id": "section2AfterImg2",
      "name": "section2AfterImg2 Image",
      "type": "image"
        },
         {
      "id": "section2AfterImg3",
      "name": "section2AfterImg3 Image",
      "type": "image"
        },
         {
      "id": "section2AfterImg4",
      "name": "section2AfterImg4 Image",
      "type": "image"
        },


         {
      "id": "section2AfterItem1Img",
      "name": "section2AfterItem1Img Image",
      "type": "image"
        }, 
        {
      "id": "section2AfterItem2Img",
      "name": "section2AfterItem2Img Image",
      "type": "image"
        },
         {
      "id": "section2AfterItem3Img",
      "name": "section2AfterItem3Img Image",
      "type": "image"
        },
         {
      "id": "section2AfterItem4Img",
      "name": "section2AfterItem4Img Image",
      "type": "image"
        },
         {
      "id": "section2AfterItem5Img",
      "name": "section2AfterItem5Img Image",
      "type": "image"
        },
         {
      "id": "section2AfterItem6Img",
      "name": "section2AfterItem6Img Image",
      "type": "image"
        },



         {
      "id": "sectio3BlockGridItem1Img",
      "name": "sectio3BlockGridItem1Img Image",
      "type": "image"
        },
         {
      "id": "sectio3BlockGridItem2Img",
      "name": "sectio3BlockGridItem2Img Image",
      "type": "image"
        },
         {
      "id": "sectio3BlockGridItem3Img",
      "name": "sectio3BlockGridItem3Img Image",
      "type": "image"
        },


          {
      "id": "section5Img1",
      "name": "section5Img1 Image",
      "type": "image"
        },
          {
      "id": "section5Img2",
      "name": "section5Img2 Image",
      "type": "image"
        },
          {
      "id": "section5Img3",
      "name": "section5Img3 Image",
      "type": "image"
        },
          {
      "id": "section5Img4",
      "name": "section5Img4 Image",
      "type": "image"
        },


         {
      "id": "section7BlockGrid1Img1",
      "name": "section7BlockGrid1Img1 Image",
      "type": "image"
        },
         {
      "id": "section7BlockGrid1Img2",
      "name": "section7BlockGrid1Img2 Image",
      "type": "image"
        },
         {
      "id": "section7BlockGrid2Img1",
      "name": "section7BlockGrid2Img1 Image",
      "type": "image"
        },



         {
      "id": "mbgImg",
      "name": "mbgImg Image",
      "type": "image"
        },



         {
      "id": "section10bOptinImg1",
      "name": "section10bOptinImg1 Image",
      "type": "image"
        },
         {
      "id": "section10bOptinImg2",
      "name": "section10bOptinImg2 Image",
      "type": "image"
        },
         {
      "id": "section10bOptinImg3",
      "name": "section10bOptinImg3 Image",
      "type": "image"
        },
         {
      "id": "section10bOptinImg4",
      "name": "section10bOptinImg4 Image",
      "type": "image"
        },

          {
      "id": "section10OptinRightImg",
      "name": "section10OptinRightImg Image",
      "type": "image"
        },

         {
      "id": "section1Img1",
      "name": "section1Img1 Image",
      "type": "image"
        },

 {
      "id": "section8Img1",
      "name": "section8Img1 Image",
      "type": "image"
        },



         {
      "id": "section7aGrid3Vid1",
      "name": "section7aGrid3Vid1 Video",
      "type": "video"
        },
      {
      "id": "section7aGrid3Vid2",
      "name": "section7aGrid3Vid2 Video",
      "type": "video"
        },
         {
      "id": "section7aGrid3Vid3",
      "name": "section7aGrid3Vid3 Video",
      "type": "video"
        },
         {
      "id": "section7aGrid4Vid1",
      "name": "section7aGrid4Vid1 Video",
      "type": "video"
        },
         {
      "id": "section7aGrid4Vid2",
      "name": "section7aGrid4Vid2 Video",
      "type": "video"
        },
         {
      "id": "section7aGrid5Vid1",
      "name": "section7aGrid5Vid1 Video",
      "type": "video"
        },
        {
      "id": "section7aGrid6Vid1",
      "name": "section7aGrid6Vid1 Video",
      "type": "video"
        },



      

            {
      "id": "section1Video",
      "name": "Section 1 Video",
      "type": "video"
        },

        { "id": "countdown-container", "name": "Countdown Section", "type": "container" },
            { "id": "countdown","name": "Countdown","type": "countdown" },
            { "id": "days-text","name": "Days Text","type": "text"}, 
                { "id": "hours-text","name": "Hours Text","type": "text"}, 
                { "id": "minutes-text", "name": "Minutes Text","type": "text"}, 
                { "id": "seconds-text", "name": "Seconds Text","type": "text"},
        { "id": "countdowncookie", "name": "Auto Countdown", "type": "dynamic","data": {"variables": ["countdowndays"]} }






	]
}


